Built,n,prop
3.4.0,42,0.34710743801652894
3.4.1,12,0.09917355371900827
3.4.2,17,0.14049586776859505
3.4.3,50,0.4132231404958678
